name,description,fisica,moral,date
G01,Adquisición de mercancias,1,1,2017-01-01
G02,Devoluciones,1,1,2017-01-01
G03,Gastos en general,1,1,2017-01-01
I01,Construcciones,1,1,2017-01-01
I02,Mobilario y equipo de oficina por inversiones,1,1,2017-01-01
I03,Equipo de transporte,1,1,2017-01-01
I04,Equipo de computo y accesorios,1,1,2017-01-01
I05,"Dados, troqueles, moldes, matrices y herramental",1,1,2017-01-01
I06,Comunicaciones telefónicas,1,1,2017-01-01
I07,Comunicaciones satelitales,1,1,2017-01-01
I08,Otra maquinaria y equipo,1,1,2017-01-01
D01,Honorarios médicos,1,0,2017-01-01
D02,Gastos médicos por incapacidad o discapacidad,1,0,2017-01-01
D03,Gastos funerales.,1,0,2017-01-01
D04,Donativos.,1,0,2017-01-01
D05,Intereses reales efectivamente pagados por créditos hipotecarios (casa habitación).,1,0,2017-01-01
D06,Aportaciones voluntarias al SAR.,1,0,2017-01-01
D07,Primas por seguros de gastos médicos.,1,0,2017-01-01
D08,Gastos de transportación escolar obligatoria.,1,0,2017-01-01
D09,Depósitos en cuentas para el ahorro,1,0,2017-01-01
D10,Pagos por servicios educativos (colegiaturas),1,0,2017-01-01
P01,Por definir,1,1,2017-03-31
S01,Sin obligaciones fiscales,1,1,2017-03-31
