name,description,bancarizado
01,Efectivo,0
02,Cheque nominativo,1
03,Transferencia electrónica de fondos,1
04,Tarjeta de crédito,1
05,Monedero electrónico,1
06,Dinero electrónico,1
08,Vales de despensa,0
12,Dación en pago,0
13,Pago por subrogación,0
14,Pago por consignación,0
15,Condonación,0
17,Compensación,0
23,Novación,0
24,Confusión,0
25,Remisión de deuda,0
26,Prescripción o caducidad,0
27,A satisfacción del acreedor,0
28,Tarjeta de débito,1
29,Tarjeta de servicios,1
30,Aplicación de anticipos,1
99,Por definir,0
