id,name,model_id:id,group_id:id,perm_read,perm_write,perm_create,perm_unlink
access_res_company_facturae_certificate,res.company.facturae.certificate,model_res_company_facturae_certificate,group_manager_cfdi33,1,1,1,1
access_facturae_certificate_library,facturae.certificate.library,model_facturae_certificate_library,group_manager_cfdi33,1,1,1,1
access_res_met_pago,res.met.pago,model_res_met_pago,group_manager_cfdi33,1,1,1,1
access_res_forma_pago,res.forma.pago,model_res_forma_pago,group_manager_cfdi33,1,1,1,1
access_res_uso_cfdi,res.uso.cfdi,model_res_uso_cfdi,group_manager_cfdi33,1,1,1,1
access_params_pac,params.pac,model_params_pac,group_manager_cfdi33,1,1,1,1
access_clave_sat_product,clave.prod.serv,model_clave_prod_serv,group_manager_cfdi33,1,1,1,1
access_clave_prod_uom,access_clave_prod_uom,model_clave_prod_uom,group_manager_cfdi33,1,1,1,1
access_res_fiscal_regime,access_res_fiscal_regime,model_res_fiscal_regime,group_manager_cfdi33,1,1,1,1